Area,Congested
商业场所,是
迎春花市,是
公园景点,是
公园景点,是
公园景点,是
公园景点,是
商业场所,是
市区道路,是
迎春花市,是
迎春花市,是
交通干道,是
商业场所,是
交通干道,是
交通干道,是
交通干道,是
迎春花市,是
交通干道,否
交通干道,否
交通枢纽,否
交通干道,否
交通枢纽,否
市区道路,否
交通干道,否
迎春花市,否
公园景点,否
交通干道,否
交通干道,否
市区道路,否
交通枢纽,否
铁路,否
市区道路,否
交通干道,否
市区道路,否
迎春花市,否
迎春花市,否
交通枢纽,否
迎春花市,否
市区道路,否
交通干道,否
交通枢纽,否
商业场所,否
公园景点,否
商业场所,否
交通干道,否
交通枢纽,否
迎春花市,否
交通枢纽,否
交通干道,否
交通干道,否
商业场所,否
市区道路,否
迎春花市,否
交通枢纽,否
商业场所,否
迎春花市,否
交通干道,否
交通干道,否
交通干道,否
市区道路,否
交通干道,否
交通干道,否
市区道路,否
公园景点,否
交通干道,否
交通枢纽,否
市区道路,否
交通干道,否
迎春花市,否
交通枢纽,否
公园景点,否
交通枢纽,否
市区道路,否
市区道路,否
迎春花市,否
商业场所,否
交通枢纽,否
商业场所,否
市区道路,否
交通干道,否
交通干道,否
迎春花市,否
商业场所,否
交通枢纽,否
广府庙会,否
商业场所,否
市区道路,否
迎春花市,否
迎春花市,否
公园景点,否
交通干道,否
公园景点,否
广府庙会,否
商业场所,否
迎春花市,否
市区道路,否
公园景点,否
市区道路,否
交通枢纽,否
市区道路,否
交通干道,否
市区道路,否
迎春花市,否
交通干道,否
交通干道,否
市区道路,否
商业场所,否
商业场所,否
市区道路,否
交通干道,否
迎春花市,否
交通干道,否
交通干道,否
市区道路,否
交通干道,否
交通干道,否
市区道路,否
迎春花市,否
市区道路,否
铁路,否
商业场所,否
交通干道,否
市区道路,否
交通枢纽,否
交通干道,否
交通干道,否
交通枢纽,否
交通干道,否
公园景点,否
交通干道,否
商业场所,否
迎春花市,否
公园景点,否
交通干道,否
交通干道,否
交通枢纽,否
交通干道,否
交通干道,否
市区道路,否
市区道路,否
交通干道,否
铁路,否
商业场所,否
交通干道,否
交通干道,否
公园景点,否
公园景点,否
公园景点,否
交通干道,否
商业场所,否
市区道路,否
交通干道,否
交通干道,否
交通枢纽,否
交通干道,否
交通干道,否
铁路,否
商业场所,否
市区道路,否
交通干道,否
市区道路,否
交通干道,否
市区道路,否
公园景点,否
交通干道,否
交通枢纽,否
市区道路,否
迎春花市,否
铁路,否
商业场所,否
商业场所,否
交通干道,否
交通枢纽,否
交通干道,否
